Epoch,loss,cer
1,0.00034023,0.349616426
2,0.000212447,0.302770682
3,0.00018532,0.282464719
4,0.000162201,0.229943019
5,0.00016225,0.229978788
6,0.00016224,0.229968387
7,0.00016224,0.230020011
8,0.000162266,0.229982688
9,0.000162281,0.229998744
10,0.00016227,0.230003347
11,0.000162275,0.230008532
